aaa;American Automobile Association, Inc.;generic
aarp;AARP;generic
abarth;Fiat Chrysler Automobiles N.V.;generic
abb;ABB Ltd;generic
abbott;Abbott Laboratories, Inc.;generic
abbvie;AbbVie Inc.;generic
abc;Disney Enterprises, Inc.;generic
able;Able Inc.;generic
abogado;Top Level Domain Holdings Limited;generic
abudhabi;Abu Dhabi Systems and Information Centre;generic
academy;Binky Moon, LLC;generic
accenture;Accenture plc;generic
accountant;dot Accountant Limited;generic
accountants;Binky Moon, LLC;generic
aco;ACO Severin Ahlmann GmbH & Co. KG;generic
active;Active Network, LLC;generic
actor;United TLD Holdco Ltd.;generic
adac;Allgemeiner Deutscher Automobil-Club e.V. (ADAC);generic
ads;Charleston Road Registry Inc.;generic
adult;ICM Registry AD LLC;generic
aeg;Aktiebolaget Electrolux;generic
aetna;Aetna Life Insurance Company;generic
afamilycompany;Johnson Shareholdings, Inc.;generic
afl;Australian Football League;generic
africa;ZA Central Registry NPC trading as Registry.Africa;generic
agakhan;Fondation Aga Khan (Aga Khan Foundation);generic
agency;Binky Moon, LLC;generic
aig;American International Group, Inc.;generic
aigo;aigo Digital Technology Co,Ltd.;generic
airbus;Airbus S.A.S.;generic
airforce;United TLD Holdco Ltd.;generic
airtel;Bharti Airtel Limited;generic
akdn;Fondation Aga Khan (Aga Khan Foundation);generic
alfaromeo;Fiat Chrysler Automobiles N.V.;generic
alibaba;Alibaba Group Holding Limited;generic
alipay;Alibaba Group Holding Limited;generic
allfinanz;Allfinanz Deutsche Vermögensberatung Aktiengesellschaft;generic
allstate;Allstate Fire and Casualty Insurance Company;generic
ally;Ally Financial Inc.;generic
alsace;REGION GRAND EST;generic
alstom;ALSTOM;generic
americanexpress;American Express Travel Related Services Company, Inc.;generic
americanfamily;AmFam, Inc.;generic
amex;American Express Travel Related Services Company, Inc.;generic
amfam;AmFam, Inc.;generic
amica;Amica Mutual Insurance Company;generic
amsterdam;Gemeente Amsterdam;generic
analytics;Campus IP LLC;generic
android;Charleston Road Registry Inc.;generic
anquan;QIHOO 360 TECHNOLOGY CO. LTD.;generic
anz;Australia and New Zealand Banking Group Limited;generic
aol;OATH Inc.;generic
apartments;Binky Moon, LLC;generic
app;Charleston Road Registry Inc.;generic
apple;Apple Inc.;generic
aquarelle;Aquarelle.com;generic
arab;League of Arab States;generic
aramco;Aramco Services Company;generic
archi;STARTING DOT LIMITED;generic
army;United TLD Holdco Ltd.;generic
art;UK Creative Ideas Limited;generic
arte;Association Relative à la Télévision Européenne G.E.I.E.;generic
asda;Wal-Mart Stores, Inc.;generic
associates;Binky Moon, LLC;generic
athleta;The Gap, Inc.;generic
attorney;United TLD Holdco, Ltd;generic
auction;United TLD HoldCo, Ltd.;generic
audi;AUDI Aktiengesellschaft;generic
audible;Amazon Registry Services, Inc.;generic
audio;Uniregistry, Corp.;generic
auspost;Australian Postal Corporation;generic
author;Amazon Registry Services, Inc.;generic
auto;Cars Registry Limited;generic
autos;DERAutos, LLC;generic
avianca;Aerovias del Continente Americano S.A. Avianca;generic
aws;Amazon Registry Services, Inc.;generic
axa;AXA SA;generic
azure;Microsoft Corporation;generic
baby;Johnson & Johnson Services, Inc.;generic
baidu;Baidu, Inc.;generic
banamex;Citigroup Inc.;generic
bananarepublic;The Gap, Inc.;generic
band;United TLD Holdco, Ltd;generic
bank;fTLD Registry Services, LLC;generic
bar;Punto 2012 Sociedad Anonima Promotora de Inversion de Capital Variable;generic
barcelona;Municipi de Barcelona;generic
barclaycard;Barclays Bank PLC;generic
barclays;Barclays Bank PLC;generic
barefoot;Gallo Vineyards, Inc.;generic
bargains;Binky Moon, LLC;generic
baseball;MLB Advanced Media DH, LLC;generic
basketball;Fédération Internationale de Basketball (FIBA);generic
bauhaus;Werkhaus GmbH;generic
bayern;Bayern Connect GmbH;generic
bbc;British Broadcasting Corporation;generic
bbt;BB&T Corporation;generic
bbva;BANCO BILBAO VIZCAYA ARGENTARIA, S.A.;generic
bcg;The Boston Consulting Group, Inc.;generic
bcn;Municipi de Barcelona;generic
beats;Beats Electronics, LLC;generic
beauty;L'Oréal;generic
beer;Top Level Domain Holdings Limited;generic
bentley;Bentley Motors Limited;generic
berlin;dotBERLIN GmbH & Co. KG;generic
best;BestTLD Pty Ltd;generic
bestbuy;BBY Solutions, Inc.;generic
bet;Afilias plc;generic
bharti;Bharti Enterprises (Holding) Private Limited;generic
bible;American Bible Society;generic
bid;dot Bid Limited;generic
bike;Binky Moon, LLC;generic
bing;Microsoft Corporation;generic
bingo;Binky Moon, LLC;generic
bio;STARTING DOT LIMITED;generic
black;Afilias plc;generic
blackfriday;Uniregistry, Corp.;generic
blanco;BLANCO GmbH + Co KG;generic
blockbuster;Dish DBS Corporation;generic
blog;Knock Knock WHOIS There, LLC;generic
bloomberg;Bloomberg IP Holdings LLC;generic
blue;Afilias plc;generic
bms;Bristol-Myers Squibb Company;generic
bmw;Bayerische Motoren Werke Aktiengesellschaft;generic
bnl;Banca Nazionale del Lavoro;generic
bnpparibas;BNP Paribas;generic
boats;DERBoats, LLC;generic
boehringer;Boehringer Ingelheim International GmbH;generic
bofa;Bank of America Corporation;generic
bom;Núcleo de Informação e Coordenação do Ponto BR - NIC.br;generic
bond;Bond University Limited;generic
boo;Charleston Road Registry Inc.;generic
book;Amazon Registry Services, Inc.;generic
booking;Booking.com B.V.;generic
boots;Not assigned;generic
bosch;Robert Bosch GMBH;generic
bostik;Bostik SA;generic
boston;Boston TLD Management, LLC;generic
bot;Amazon Registry Services, Inc.;generic
boutique;Binky Moon, LLC;generic
box;NS1 Limited;generic
bradesco;Banco Bradesco S.A.;generic
bridgestone;Bridgestone Corporation;generic
broadway;Celebrate Broadway, Inc.;generic
broker;DOTBROKER REGISTRY LTD;generic
brother;Brother Industries, Ltd.;generic
brussels;DNS.be vzw;generic
budapest;Top Level Domain Holdings Limited;generic
bugatti;Bugatti International SA;generic
build;Plan Bee LLC;generic
builders;Binky Moon, LLC;generic
business;Binky Moon, LLC;generic
buy;Amazon Registry Services, INC;generic
buzz;DOTSTRATEGY CO.;generic
bzh;Association www.bzh;generic
cab;Binky Moon, LLC;generic
cafe;Binky Moon, LLC;generic
cal;Charleston Road Registry Inc.;generic
call;Amazon Registry Services, Inc.;generic
calvinklein;PVH gTLD Holdings LLC;generic
cam;AC Webconnecting Holding B.V.;generic
camera;Binky Moon, LLC;generic
camp;Binky Moon, LLC;generic
cancerresearch;Australian Cancer Research Foundation;generic
canon;Canon Inc.;generic
capetown;ZA Central Registry NPC trading as ZA Central Registry;generic
capital;Binky Moon, LLC;generic
capitalone;Capital One Financial Corporation;generic
car;Cars Registry Limited;generic
caravan;Caravan International, Inc.;generic
cards;Binky Moon, LLC;generic
care;Binky Moon, LLC;generic
career;dotCareer LLC;generic
careers;Binky Moon, LLC;generic
cars;Cars Registry Limited;generic
cartier;Richemont DNS Inc.;generic
casa;Top Level Domain Holdings Limited;generic
case;CNH Industrial N.V.;generic
caseih;CNH Industrial N.V.;generic
cash;Binky Moon, LLC;generic
casino;Binky Moon, LLC;generic
catering;Binky Moon, LLC;generic
catholic;Pontificium Consilium de Comunicationibus Socialibus (PCCS) (Pontifical Council for Social Communication);generic
cba;COMMONWEALTH BANK OF AUSTRALIA;generic
cbn;The Christian Broadcasting Network, Inc.;generic
cbre;CBRE, Inc.;generic
cbs;CBS Domains Inc.;generic
ceb;The Corporate Executive Board Company;generic
center;Binky Moon, LLC;generic
ceo;CEOTLD Pty Ltd;generic
cern;"European Organization for Nuclear Research (""CERN"")";generic
cfa;CFA Institute;generic
cfd;DOTCFD REGISTRY LTD;generic
chanel;Chanel International B.V.;generic
channel;Charleston Road Registry Inc.;generic
charity;Corn Lake, LLC;generic
chase;JPMorgan Chase Bank, National Association;generic
chat;Binky Moon, LLC;generic
cheap;Binky Moon, LLC;generic
chintai;CHINTAI Corporation;generic
chloe;Not assigned;generic
christmas;Uniregistry, Corp.;generic
chrome;Charleston Road Registry Inc.;generic
chrysler;FCA US LLC.;generic
church;Binky Moon, LLC;generic
cipriani;Hotel Cipriani Srl;generic
circle;Amazon Registry Services, Inc.;generic
cisco;Cisco Technology, Inc.;generic
citadel;Citadel Domain LLC;generic
citi;Citigroup Inc.;generic
citic;CITIC Group Corporation;generic
city;Binky Moon, LLC;generic
cityeats;Lifestyle Domain Holdings, Inc.;generic
claims;Binky Moon, LLC;generic
cleaning;Binky Moon, LLC;generic
click;Uniregistry, Corp.;generic
clinic;Binky Moon, LLC;generic
clinique;The Estée Lauder Companies Inc.;generic
clothing;Binky Moon, LLC;generic
cloud;ARUBA PEC S.p.A.;generic
club;.CLUB DOMAINS, LLC;generic
clubmed;Club Méditerranée S.A.;generic
coach;Binky Moon, LLC;generic
codes;Binky Moon, LLC;generic
coffee;Binky Moon, LLC;generic
college;XYZ.COM LLC;generic
cologne;dotKoeln GmbH;generic
com;Commercial organizations;generic
comcast;Comcast IP Holdings I, LLC;generic
commbank;COMMONWEALTH BANK OF AUSTRALIA;generic
community;Binky Moon, LLC;generic
company;Binky Moon, LLC;generic
compare;iSelect Ltd;generic
computer;Binky Moon, LLC;generic
comsec;VeriSign, Inc.;generic
condos;Binky Moon, LLC;generic
construction;Binky Moon, LLC;generic
consulting;United TLD Holdco, LTD.;generic
contact;Top Level Spectrum, Inc.;generic
contractors;Binky Moon, LLC;generic
cooking;Top Level Domain Holdings Limited;generic
cookingchannel;Lifestyle Domain Holdings, Inc.;generic
cool;Binky Moon, LLC;generic
corsica;Collectivité Territoriale de Corse;generic
country;Top Level Domain Holdings Limited;generic
coupon;Amazon Registry Services, Inc.;generic
coupons;Binky Moon, LLC;generic
courses;OPEN UNIVERSITIES AUSTRALIA PTY LTD;generic
credit;Binky Moon, LLC;generic
creditcard;Binky Moon, LLC;generic
creditunion;CUNA Performance Resources, LLC;generic
cricket;dot Cricket Limited;generic
crown;Crown Equipment Corporation;generic
crs;Federated Co-operatives Limited;generic
cruise;Viking River Cruises (Bermuda) Ltd.;generic
cruises;Binky Moon, LLC;generic
csc;Alliance-One Services, Inc.;generic
cuisinella;SALM S.A.S.;generic
cymru;Nominet UK;generic
cyou;Beijing Gamease Age Digital Technology Co., Ltd.;generic
dabur;Dabur India Limited;generic
dad;Charleston Road Registry Inc.;generic
dance;United TLD Holdco Ltd.;generic
data;Dish DBS Corporation;generic
date;dot Date Limited;generic
dating;Binky Moon, LLC;generic
datsun;NISSAN MOTOR CO., LTD.;generic
day;Charleston Road Registry Inc.;generic
dclk;Charleston Road Registry Inc.;generic
dds;Minds + Machines Group Limited;generic
deal;Amazon Registry Services, Inc.;generic
dealer;Dealer Dot Com, Inc.;generic
deals;Binky Moon, LLC;generic
degree;United TLD Holdco, Ltd;generic
delivery;Binky Moon, LLC;generic
dell;Dell Inc.;generic
deloitte;Deloitte Touche Tohmatsu;generic
delta;Delta Air Lines, Inc.;generic
democrat;United TLD Holdco Ltd.;generic
dental;Binky Moon, LLC;generic
dentist;United TLD Holdco, Ltd;generic
desi;Desi Networks LLC;generic
design;Top Level Design, LLC;generic
dev;Charleston Road Registry Inc.;generic
dhl;Deutsche Post AG;generic
diamonds;Binky Moon, LLC;generic
diet;Uniregistry, Corp.;generic
digital;Binky Moon, LLC;generic
direct;Binky Moon, LLC;generic
directory;Binky Moon, LLC;generic
discount;Binky Moon, LLC;generic
discover;Discover Financial Services;generic
dish;Dish DBS Corporation;generic
diy;Lifestyle Domain Holdings, Inc.;generic
dnp;Dai Nippon Printing Co., Ltd.;generic
docs;Charleston Road Registry Inc.;generic
doctor;Binky Moon, LLC;generic
dodge;FCA US LLC.;generic
dog;Binky Moon, LLC;generic
doha;Communications Regulatory Authority (CRA);generic
domains;Binky Moon, LLC;generic
doosan;Retired;generic
dot;Dish DBS Corporation;generic
download;dot Support Limited;generic
drive;Charleston Road Registry Inc.;generic
dtv;Dish DBS Corporation;generic
dubai;Dubai Smart Government Department;generic
duck;Johnson Shareholdings, Inc.;generic
dunlop;The Goodyear Tire & Rubber Company;generic
duns;The Dun & Bradstreet Corporation;generic
dupont;E. I. du Pont de Nemours and Company;generic
durban;ZA Central Registry NPC trading as ZA Central Registry;generic
dvag;Deutsche Vermögensberatung Aktiengesellschaft DVAG;generic
dvr;Hughes Satellite Systems Corporation;generic
earth;Interlink Co., Ltd.;generic
eat;Charleston Road Registry Inc.;generic
eco;Big Room Inc.;generic
edeka;EDEKA Verband kaufmännischer Genossenschaften e.V.;generic
education;Binky Moon, LLC;generic
email;Binky Moon, LLC;generic
emerck;Merck KGaA;generic
energy;Binky Moon, LLC;generic
engineer;United TLD Holdco Ltd.;generic
engineering;Binky Moon, LLC;generic
enterprises;Binky Moon, LLC;generic
epost;Deutsche Post AG;generic
epson;Seiko Epson Corporation;generic
equipment;Binky Moon, LLC;generic
ericsson;Telefonaktiebolaget L M Ericsson;generic
erni;ERNI Group Holding AG;generic
esq;Charleston Road Registry Inc.;generic
estate;Binky Moon, LLC;generic
esurance;Esurance Insurance Company;generic
etisalat;Emirates Telecommunications Corporation (trading as Etisalat);generic
eurovision;European Broadcasting Union (EBU);generic
eus;Puntueus Fundazioa;generic
events;Binky Moon, LLC;generic
everbank;EverBank;generic
exchange;Binky Moon, LLC;generic
expert;Binky Moon, LLC;generic
exposed;Binky Moon, LLC;generic
express;Binky Moon, LLC;generic
extraspace;Extra Space Storage LLC;generic
fage;Fage International S.A.;generic
fail;Binky Moon, LLC;generic
fairwinds;FairWinds Partners, LLC;generic
faith;dot Faith Limited;generic
family;United TLD Holdco Ltd.;generic
fan;Asiamix Digital Ltd;generic
fans;Asiamix Digital Limited;generic
farm;Binky Moon, LLC;generic
farmers;Farmers Insurance Exchange;generic
fashion;Top Level Domain Holdings Limited;generic
fast;Amazon Registry Services, Inc.;generic
fedex;Federal Express Corporation;generic
feedback;Top Level Spectrum, Inc.;generic
ferrari;Fiat Chrysler Automobiles N.V.;generic
ferrero;Ferrero Trading Lux S.A.;generic
fiat;Fiat Chrysler Automobiles N.V.;generic
fidelity;Fidelity Brokerage Services LLC;generic
fido;Rogers Communications Canada Inc.;generic
film;Motion Picture Domain Registry Pty Ltd;generic
final;Núcleo de Informação e Coordenação do Ponto BR - NIC.br;generic
finance;Binky Moon, LLC;generic
financial;Binky Moon, LLC;generic
fire;Amazon Registry Services, Inc.;generic
firestone;Bridgestone Licensing Services, Inc.;generic
firmdale;Firmdale Holdings Limited;generic
fish;Binky Moon, LLC;generic
fishing;Top Level Domain Holdings Limited;generic
fit;Minds + Machines Group Limited;generic
fitness;Binky Moon, LLC;generic
flickr;Yahoo! Domain Services Inc.;generic
flights;Binky Moon, LLC;generic
flir;FLIR Systems, Inc.;generic
florist;Binky Moon, LLC;generic
flowers;Uniregistry, Corp.;generic
flsmidth;Retired;generic
fly;Charleston Road Registry Inc.;generic
foo;Charleston Road Registry Inc.;generic
food;Lifestyle Domain Holdings, Inc.;generic
foodnetwork;Lifestyle Domain Holdings, Inc.;generic
football;Binky Moon, LLC;generic
ford;Ford Motor Company;generic
forex;DOTFOREX REGISTRY LTD;generic
forsale;United TLD Holdco, LLC;generic
forum;Fegistry, LLC;generic
foundation;Binky Moon, LLC;generic
fox;FOX Registry, LLC;generic
free;Amazon Registry Services, Inc.;generic
fresenius;Fresenius Immobilien-Verwaltungs-GmbH;generic
frl;FRLregistry B.V.;generic
frogans;OP3FT;generic
frontdoor;Lifestyle Domain Holdings, Inc.;generic
frontier;Frontier Communications Corporation;generic
ftr;Frontier Communications Corporation;generic
fujitsu;Fujitsu Limited;generic
fujixerox;Xerox DNHC LLC;generic
fun;DotSpace, Inc.;generic
fund;Binky Moon, LLC;generic
furniture;Binky Moon, LLC;generic
futbol;United TLD Holdco, Ltd.;generic
fyi;Binky Moon, LLC;generic
gal;Asociación puntoGAL;generic
gallery;Binky Moon, LLC;generic
gallo;Gallo Vineyards, Inc.;generic
gallup;Gallup, Inc.;generic
game;Uniregistry, Corp.;generic
games;United TLD Holdco Ltd.;generic
gap;The Gap, Inc.;generic
garden;Top Level Domain Holdings Limited;generic
gbiz;Charleston Road Registry Inc.;generic
gdn;"Joint Stock Company ""Navigation-information systems""";generic
gea;GEA Group Aktiengesellschaft;generic
gent;Combell nv;generic
genting;Resorts World Inc. Pte. Ltd.;generic
george;Wal-Mart Stores, Inc.;generic
ggee;GMO Internet, Inc.;generic
gift;Uniregistry, Corp.;generic
gifts;Binky Moon, LLC;generic
gives;United TLD Holdco Ltd.;generic
giving;Giving Limited;generic
glade;Johnson Shareholdings, Inc.;generic
glass;Binky Moon, LLC;generic
gle;Charleston Road Registry Inc.;generic
global;Dot Global Domain Registry Limited;generic
globo;Globo Comunicação e Participações S.A;generic
gmail;Charleston Road Registry Inc.;generic
gmbh;Binky Moon, LLC;generic
gmo;GMO Internet, Inc.;generic
gmx;1&1 Mail & Media GmbH;generic
godaddy;Go Daddy East, LLC;generic
gold;Binky Moon, LLC;generic
goldpoint;YODOBASHI CAMERA CO.,LTD.;generic
golf;Binky Moon, LLC;generic
goo;NTT Resonant Inc.;generic
goodhands;Allstate Fire and Casualty Insurance Company;generic
goodyear;The Goodyear Tire & Rubber Company;generic
goog;Charleston Road Registry Inc.;generic
google;Charleston Road Registry Inc.;generic
gop;Republican State Leadership Committee, Inc.;generic
got;Amazon Registry Services, Inc.;generic
grainger;Grainger Registry Services, LLC;generic
graphics;Binky Moon, LLC;generic
gratis;Binky Moon, LLC;generic
green;DotGreen Registry Limited;generic
gripe;Binky Moon, LLC;generic
grocery;Wal-Mart Stores, Inc.;generic
group;Binky Moon, LLC;generic
guardian;The Guardian Life Insurance Company of America;generic
gucci;Guccio Gucci S.p.a.;generic
guge;Charleston Road Registry Inc.;generic
guide;Binky Moon, LLC;generic
guitars;Uniregistry, Corp.;generic
guru;Binky Moon, LLC;generic
hair;L'Oreal;generic
hamburg;Hamburg Top-Level-Domain GmbH;generic
hangout;Charleston Road Registry Inc.;generic
haus;United TLD Holdco, LTD.;generic
hbo;HBO Registry Services, Inc.;generic
hdfc;HOUSING DEVELOPMENT FINANCE CORPORATION LIMITED;generic
hdfcbank;HDFC Bank Limited;generic
health;DotHealth, LLC;generic
healthcare;Binky Moon, LLC;generic
help;Uniregistry, Corp.;generic
helsinki;City of Helsinki;generic
here;Charleston Road Registry Inc.;generic
hermes;Hermes International;generic
hgtv;Lifestyle Domain Holdings, Inc.;generic
hiphop;Uniregistry, Corp.;generic
hisamitsu;Hisamitsu Pharmaceutical Co.,Inc.;generic
hitachi;Hitachi, Ltd.;generic
hiv;Uniregistry, Corp.;generic
hkt;PCCW-HKT DataCom Services Limited;generic
hockey;Binky Moon, LLC;generic
holdings;Binky Moon, LLC;generic
holiday;Binky Moon, LLC;generic
homedepot;Home Depot Product Authority, LLC;generic
homegoods;The TJX Companies, Inc.;generic
homes;DERHomes, LLC;generic
homesense;The TJX Companies, Inc.;generic
honda;Honda Motor Co., Ltd.;generic
honeywell;Honeywell GTLD LLC;generic
horse;Top Level Domain Holdings Limited;generic
hospital;Binky Moon, LLC;generic
host;DotHost Inc.;generic
hosting;Uniregistry, Corp.;generic
hot;Amazon Registry Services, Inc.;generic
hoteles;Travel Reservations SRL;generic
hotels;Booking.com B.V.;generic
hotmail;Microsoft Corporation;generic
house;Binky Moon, LLC;generic
how;Charleston Road Registry Inc.;generic
hsbc;HSBC Global Services (UK) Limited;generic
htc;Not assigned;generic
hughes;Hughes Satellite Systems Corporation;generic
hyatt;Hyatt GTLD, L.L.C.;generic
hyundai;Hyundai Motor Company;generic
ibm;International Business Machines Corporation;generic
icbc;Industrial and Commercial Bank of China Limited;generic
ice;IntercontinentalExchange, Inc.;generic
icu;Shortdot SA;generic
ieee;IEEE Global LLC;generic
ifm;ifm electronic gmbh;generic
iinet;Retired;generic
ikano;Ikano S.A.;generic
imamat;Fondation Aga Khan (Aga Khan Foundation);generic
imdb;Amazon Registry Services, Inc.;generic
immo;Binky Moon, LLC;generic
immobilien;United TLD Holdco Ltd.;generic
industries;Binky Moon, LLC;generic
infiniti;NISSAN MOTOR CO., LTD.;generic
info;Informational sites;generic
ing;Charleston Road Registry Inc.;generic
ink;Top Level Design, LLC;generic
institute;Binky Moon, LLC;generic
insurance;fTLD Registry Services LLC;generic
insure;Binky Moon, LLC;generic
intel;Intel Corporation;generic
international;Binky Moon, LLC;generic
intuit;Intuit Administrative Services, Inc.;generic
investments;Binky Moon, LLC;generic
ipiranga;Ipiranga Produtos de Petroleo S.A.;generic
irish;Binky Moon, LLC;generic
iselect;iSelect Ltd;generic
ismaili;Fondation Aga Khan (Aga Khan Foundation);generic
ist;Istanbul Metropolitan Municipality;generic
istanbul;Istanbul Metropolitan Municipality;generic
itau;Itau Unibanco Holding S.A.;generic
itv;ITV Services Limited;generic
iveco;CNH Industrial N.V.;generic
iwc;Richemont DNS Inc.;generic
jaguar;Jaguar Land Rover Ltd;generic
java;Oracle Corporation;generic
jcb;JCB Co., Ltd.;generic
jcp;JCP Media, Inc.;generic
jeep;FCA US LLC.;generic
jetzt;Binky Moon, LLC;generic
jewelry;Binky Moon, LLC;generic
jio;Affinity Names, Inc.;generic
jlc;Richemont DNS Inc.;generic
jll;Jones Lang LaSalle Incorporated;generic
jmp;Matrix IP LLC;generic
jnj;Johnson & Johnson Services, Inc.;generic
joburg;ZA Central Registry NPC trading as ZA Central Registry;generic
jot;Amazon Registry Services, Inc.;generic
joy;Amazon Registry Services, Inc.;generic
jpmorgan;JPMorgan Chase Bank, National Association;generic
jprs;Japan Registry Services Co., Ltd.;generic
juegos;Uniregistry, Corp.;generic
juniper;JUNIPER NETWORKS, INC.;generic
kaufen;United TLD Holdco Ltd.;generic
kddi;KDDI CORPORATION;generic
kerryhotels;Kerry Trading Co. Limited;generic
kerrylogistics;Kerry Trading Co. Limited;generic
kerryproperties;Kerry Trading Co. Limited;generic
kfh;Kuwait Finance House;generic
kia;KIA MOTORS CORPORATION;generic
kim;Afilias plc;generic
kinder;Ferrero Trading Lux S.A.;generic
kindle;Amazon Registry Services, Inc.;generic
kitchen;Binky Moon, LLC;generic
kiwi;DOT KIWI LIMITED;generic
koeln;dotKoeln GmbH;generic
komatsu;Komatsu Ltd.;generic
kosher;Kosher Marketing Assets LLC;generic
kpmg;KPMG International Cooperative (KPMG International Genossenschaft);generic
kpn;Koninklijke KPN N.V.;generic
krd;KRG Department of Information Technology;generic
kred;KredTLD Pty Ltd;generic
kuokgroup;Kerry Trading Co. Limited;generic
kyoto;Academic Institution: Kyoto Jyoho Gakuen;generic
lacaixa;CAIXA D'ESTALVIS I PENSIONS DE BARCELONA;generic
ladbrokes;LADBROKES INTERNATIONAL PLC;generic
lamborghini;Automobili Lamborghini S.p.A.;generic
lamer;The Estée Lauder Companies Inc.;generic
lancaster;LANCASTER;generic
lancia;Fiat Chrysler Automobiles N.V.;generic
lancome;L'Oréal;generic
land;Binky Moon, LLC;generic
landrover;Jaguar Land Rover Ltd;generic
lanxess;LANXESS Corporation;generic
lasalle;Jones Lang LaSalle Incorporated;generic
lat;ECOM-LAC Federación de Latinoamérica y el Caribe para Internet y el Comercio Electrónico;generic
latino;Dish DBS Corporation;generic
latrobe;La Trobe University;generic
law;Minds + Machines Group Limited;generic
lawyer;United TLD Holdco, Ltd;generic
lds;IRI Domain Management, LLC;generic
lease;Binky Moon, LLC;generic
leclerc;A.C.D. LEC Association des Centres Distributeurs Edouard Leclerc;generic
lefrak;LeFrak Organization, Inc.;generic
legal;Binky Moon, LLC;generic
lego;LEGO Juris A/S;generic
lexus;TOYOTA MOTOR CORPORATION;generic
lgbt;Afilias plc;generic
liaison;Liaison Technologies, Incorporated;generic
lidl;Schwarz Domains und Services GmbH & Co. KG;generic
life;Binky Moon, LLC;generic
lifeinsurance;American Council of Life Insurers;generic
lifestyle;Lifestyle Domain Holdings, Inc.;generic
lighting;Binky Moon, LLC;generic
like;Amazon Registry Services, Inc.;generic
lilly;Eli Lilly and Company;generic
limited;Binky Moon, LLC;generic
limo;Binky Moon, LLC;generic
lincoln;Ford Motor Company;generic
linde;Linde Aktiengesellschaft;generic
link;Uniregistry, Corp.;generic
lipsy;Lipsy Ltd;generic
live;United TLD Holdco Ltd.;generic
living;Lifestyle Domain Holdings, Inc.;generic
lixil;LIXIL Group Corporation;generic
llc;Afilias plc;generic
loan;dot Loan Limited;generic
loans;Binky Moon, LLC;generic
locker;Dish DBS Corporation;generic
locus;Locus Analytics LLC;generic
loft;Annco, Inc.;generic
lol;Uniregistry, Corp.;generic
london;Dot London Domains Limited;generic
lotte;Lotte Holdings Co., Ltd.;generic
lotto;Afilias plc;generic
love;Merchant Law Group LLP;generic
lpl;LPL Holdings, Inc.;generic
lplfinancial;LPL Holdings, Inc.;generic
ltd;Binky Moon, LLC;generic
ltda;InterNetX Corp.;generic
lundbeck;H. Lundbeck A/S;generic
lupin;LUPIN LIMITED;generic
luxe;Top Level Domain Holdings Limited;generic
luxury;Luxury Partners LLC;generic
macys;Macys, Inc.;generic
madrid;Comunidad de Madrid;generic
maif;Mutuelle Assurance Instituteur France (MAIF);generic
maison;Binky Moon, LLC;generic
makeup;L'Oréal;generic
man;MAN SE;generic
management;Binky Moon, LLC;generic
mango;PUNTO FA S.L.;generic
map;Charleston Road Registry Inc.;generic
market;United TLD Holdco, Ltd;generic
marketing;Binky Moon, LLC;generic
markets;DOTMARKETS REGISTRY LTD;generic
marriott;Marriott Worldwide Corporation;generic
marshalls;The TJX Companies, Inc.;generic
maserati;Fiat Chrysler Automobiles N.V.;generic
mattel;Mattel Sites, Inc.;generic
mba;Binky Moon, LLC;generic
mcd;Not assigned;generic
mcdonalds;Not assigned;generic
mckinsey;McKinsey Holdings, Inc.;generic
med;Medistry LLC;generic
media;Binky Moon, LLC;generic
meet;Charleston Road Registry Inc.;generic
melbourne;The Crown in right of the State of Victoria, represented by its Department of State Development, Business and Innovation;generic
meme;Charleston Road Registry Inc.;generic
memorial;Dog Beach, LLC;generic
men;Exclusive Registry Limited;generic
menu;Wedding TLD2, LLC;generic
meo;Not assigned;generic
merckmsd;MSD Registry Holdings, Inc.;generic
metlife;MetLife Services and Solutions, LLC;generic
miami;Top Level Domain Holdings Limited;generic
microsoft;Microsoft Corporation;generic
mini;Bayerische Motoren Werke Aktiengesellschaft;generic
mint;Intuit Administrative Services, Inc.;generic
mit;Massachusetts Institute of Technology;generic
mitsubishi;Mitsubishi Corporation;generic
mlb;MLB Advanced Media DH, LLC;generic
mls;The Canadian Real Estate Association;generic
mma;MMA IARD;generic
mobi;Mobile;generic
mobile;Dish DBS Corporation;generic
mobily;GreenTech Consultancy Company W.L.L.;generic
moda;United TLD Holdco Ltd.;generic
moe;Interlink Co., Ltd.;generic
moi;Amazon Registry Services, Inc.;generic
mom;Uniregistry, Corp.;generic
monash;Monash University;generic
money;Binky Moon, LLC;generic
monster;Monster Worldwide, Inc.;generic
montblanc;Not assigned;generic
mopar;FCA US LLC.;generic
mormon;"IRI Domain Management, LLC (""Applicant"")";generic
mortgage;United TLD Holdco, Ltd;generic
moscow;Foundation for Assistance for Internet Technologies and Infrastructure Development (FAITID);generic
moto;Motorola Trademark Holdings, LLC;generic
motorcycles;DERMotorcycles, LLC;generic
mov;Charleston Road Registry Inc.;generic
movie;Binky Moon, LLC;generic
movistar;Telefónica S.A.;generic
msd;MSD Registry Holdings, Inc.;generic
mtn;MTN Dubai Limited;generic
mtpc;Retired;generic
mtr;MTR Corporation Limited;generic
mutual;Northwestern Mutual MU TLD Registry, LLC;generic
mutuelle;Retired;generic
nab;National Australia Bank Limited;generic
nadex;Nadex Domains, Inc;generic
nagoya;GMO Registry, Inc.;generic
nationwide;Nationwide Mutual Insurance Company;generic
natura;NATURA COSMÉTICOS S.A.;generic
navy;United TLD Holdco Ltd.;generic
nba;NBA REGISTRY, LLC;generic
nec;NEC Corporation;generic
net;Network;generic
netbank;COMMONWEALTH BANK OF AUSTRALIA;generic
netflix;Netflix, Inc.;generic
network;Binky Moon, LLC;generic
neustar;NeuStar, Inc.;generic
new;Charleston Road Registry Inc.;generic
newholland;CNH Industrial N.V.;generic
news;United TLD Holdco Ltd.;generic
next;Next plc;generic
nextdirect;Next plc;generic
nexus;Charleston Road Registry Inc.;generic
nfl;NFL Reg Ops LLC;generic
ngo;Public Interest Registry;generic
nhk;Japan Broadcasting Corporation (NHK);generic
nico;DWANGO Co., Ltd.;generic
nike;NIKE, Inc.;generic
nikon;NIKON CORPORATION;generic
ninja;United TLD Holdco Ltd.;generic
nissan;NISSAN MOTOR CO., LTD.;generic
nissay;Nippon Life Insurance Company;generic
nokia;Nokia Corporation;generic
northwesternmutual;Northwestern Mutual Registry, LLC;generic
norton;Symantec Corporation;generic
now;Amazon Registry Services, Inc.;generic
nowruz;Asia Green IT System Bilgisayar San. ve Tic. Ltd. Sti.;generic
nowtv;Starbucks (HK) Limited;generic
nra;NRA Holdings Company, INC.;generic
nrw;Minds + Machines GmbH;generic
ntt;NIPPON TELEGRAPH AND TELEPHONE CORPORATION;generic
nyc;The City of New York by and through the New York City Department of Information Technology & Telecommunications;generic
obi;OBI Group Holding SE & Co. KGaA;generic
observer;Top Level Spectrum, Inc.;generic
off;Johnson Shareholdings, Inc.;generic
office;Microsoft Corporation;generic
okinawa;BRregistry, Inc.;generic
olayan;Crescent Holding GmbH;generic
olayangroup;Crescent Holding GmbH;generic
oldnavy;The Gap, Inc.;generic
ollo;Dish DBS Corporation;generic
omega;The Swatch Group Ltd;generic
one;One.com A/S;generic
ong;Public Interest Registry;generic
onl;I-REGISTRY Ltd., Niederlassung Deutschland;generic
online;DotOnline Inc.;generic
onyourside;Nationwide Mutual Insurance Company;generic
ooo;INFIBEAM INCORPORATION LIMITED;generic
open;American Express Travel Related Services Company, Inc.;generic
oracle;Oracle Corporation;generic
orange;Orange Brand Services Limited;generic
org;Non-profit organizations;generic
organic;Afilias plc;generic
orientexpress;Retired;generic
origins;The Estée Lauder Companies Inc.;generic
osaka;Osaka Registry Co., Ltd.;generic
otsuka;Otsuka Holdings Co., Ltd.;generic
ott;Dish DBS Corporation;generic
ovh;OVH SAS;generic
page;Charleston Road Registry Inc.;generic
pamperedchef;Not assigned;generic
panasonic;Panasonic Corporation;generic
panerai;Richemont DNS Inc.;generic
paris;City of Paris;generic
pars;Asia Green IT System Bilgisayar San. ve Tic. Ltd. Sti.;generic
partners;Binky Moon, LLC;generic
parts;Binky Moon, LLC;generic
party;Blue Sky Registry Limited;generic
passagens;Travel Reservations SRL;generic
pay;Amazon Registry Services, Inc.;generic
pccw;PCCW Enterprises Limited;generic
pet;Afilias plc;generic
pfizer;Pfizer Inc.;generic
pharmacy;National Association of Boards of Pharmacy;generic
phd;Charleston Road Registry Inc.;generic
philips;Koninklijke Philips N.V.;generic
phone;Dish DBS Corporation;generic
photo;Uniregistry, Corp.;generic
photography;Binky Moon, LLC;generic
photos;Binky Moon, LLC;generic
physio;PhysBiz Pty Ltd;generic
piaget;Richemont DNS Inc.;generic
pics;Uniregistry, Corp.;generic
pictet;Pictet Europe S.A.;generic
pictures;Binky Moon, LLC;generic
pid;Top Level Spectrum, Inc.;generic
pin;Amazon Registry Services, Inc.;generic
ping;Ping Registry Provider, Inc.;generic
pink;Afilias plc;generic
pioneer;Pioneer Corporation;generic
pizza;Binky Moon, LLC;generic
place;Binky Moon, LLC;generic
play;Charleston Road Registry Inc.;generic
playstation;Sony Computer Entertainment Inc.;generic
plumbing;Binky Moon, LLC;generic
plus;Binky Moon, LLC;generic
pnc;PNC Domain Co., LLC;generic
pohl;Deutsche Vermögensberatung Aktiengesellschaft DVAG;generic
poker;Afilias plc;generic
politie;Politie Nederland;generic
porn;ICM Registry PN LLC;generic
pramerica;Prudential Financial, Inc.;generic
praxi;Praxi S.p.A.;generic
press;DotPress Inc.;generic
prime;Amazon Registry Services, Inc.;generic
prod;Charleston Road Registry Inc.;generic
productions;Binky Moon, LLC;generic
prof;Charleston Road Registry Inc.;generic
progressive;Progressive Casualty Insurance Company;generic
promo;Afilias plc;generic
properties;Binky Moon, LLC;generic
property;Uniregistry, Corp.;generic
protection;XYZ.COM LLC;generic
pru;Prudential Financial, Inc.;generic
prudential;Prudential Financial, Inc.;generic
pub;United TLD Holdco Ltd.;generic
pwc;PricewaterhouseCoopers LLP;generic
qpon;dotCOOL, Inc.;generic
quebec;PointQuébec Inc;generic
quest;Quest ION Limited;generic
qvc;QVC, Inc.;generic
racing;Premier Registry Limited;generic
radio;European Broadcasting Union (EBU);generic
raid;Johnson Shareholdings, Inc.;generic
read;Amazon Registry Services, Inc.;generic
realestate;dotRealEstate LLC;generic
realtor;Real Estate Domains LLC;generic
realty;Fegistry, LLC;generic
recipes;Binky Moon, LLC;generic
red;Afilias plc;generic
redstone;Redstone Haute Couture Co., Ltd.;generic
redumbrella;Travelers TLD, LLC;generic
rehab;United TLD Holdco Ltd.;generic
reise;Binky Moon, LLC;generic
reisen;Binky Moon, LLC;generic
reit;National Association of Real Estate Investment Trusts, Inc.;generic
reliance;Reliance Industries Limited;generic
ren;Beijing Qianxiang Wangjing Technology Development Co., Ltd.;generic
rent;XYZ.COM LLC;generic
rentals;Binky Moon, LLC;generic
repair;Binky Moon, LLC;generic
report;Binky Moon, LLC;generic
republican;United TLD Holdco Ltd.;generic
rest;Punto 2012 Sociedad Anonima Promotora de Inversion de Capital Variable;generic
restaurant;Binky Moon, LLC;generic
review;dot Review Limited;generic
reviews;United TLD Holdco, Ltd.;generic
rexroth;Robert Bosch GMBH;generic
rich;I-REGISTRY Ltd., Niederlassung Deutschland;generic
richardli;Pacific Century Asset Management (HK) Limited;generic
ricoh;Ricoh Company, Ltd.;generic
rightathome;Johnson Shareholdings, Inc.;generic
ril;Reliance Industries Limited;generic
rio;Empresa Municipal de Informática SA - IPLANRIO;generic
rip;United TLD Holdco Ltd.;generic
rmit;Royal Melbourne Institute of Technology;generic
rocher;Ferrero Trading Lux S.A.;generic
rocks;United TLD Holdco, LTD.;generic
rodeo;Top Level Domain Holdings Limited;generic
rogers;Rogers Communications Canada Inc.;generic
room;Amazon Registry Services, Inc.;generic
rsvp;Charleston Road Registry Inc.;generic
rugby;World Rugby Strategic Developments Limited;generic
ruhr;regiodot GmbH & Co. KG;generic
run;Binky Moon, LLC;generic
rwe;RWE AG;generic
ryukyu;BRregistry, Inc.;generic
saarland;dotSaarland GmbH;generic
safe;Amazon Registry Services, Inc.;generic
safety;Safety Registry Services, LLC.;generic
sakura;SAKURA Internet Inc.;generic
sale;United TLD Holdco, Ltd;generic
salon;Binky Moon, LLC;generic
samsclub;Wal-Mart Stores, Inc.;generic
samsung;SAMSUNG SDS CO., LTD;generic
sandvik;Sandvik AB;generic
sandvikcoromant;Sandvik AB;generic
sanofi;Sanofi;generic
sap;SAP AG;generic
sapo;Not assigned;generic
sarl;Binky Moon, LLC;generic
sas;Research IP LLC;generic
save;Amazon Registry Services, Inc.;generic
saxo;Saxo Bank A/S;generic
sbi;STATE BANK OF INDIA;generic
sbs;SPECIAL BROADCASTING SERVICE CORPORATION;generic
sca;SVENSKA CELLULOSA AKTIEBOLAGET SCA (publ);generic
scb;"The Siam Commercial Bank Public Company Limited (""SCB"")";generic
schaeffler;Schaeffler Technologies AG & Co. KG;generic
schmidt;SALM S.A.S.;generic
scholarships;Scholarships.com, LLC;generic
school;Binky Moon, LLC;generic
schule;Binky Moon, LLC;generic
schwarz;Schwarz Domains und Services GmbH & Co. KG;generic
science;dot Science Limited;generic
scjohnson;Johnson Shareholdings, Inc.;generic
scor;SCOR SE;generic
scot;Dot Scot Registry Limited;generic
search;Charleston Road Registry Inc.;generic
seat;SEAT, S.A. (Sociedad Unipersonal);generic
secure;Amazon Registry Services, Inc.;generic
security;XYZ.COM LLC;generic
seek;Seek Limited;generic
select;iSelect Ltd;generic
sener;Sener Ingeniería y Sistemas, S.A.;generic
services;Binky Moon, LLC;generic
ses;SES;generic
seven;Seven West Media Ltd;generic
sew;SEW-EURODRIVE GmbH & Co KG;generic
sex;ICM Registry SX LLC;generic
sexy;Uniregistry, Corp.;generic
sfr;Societe Francaise du Radiotelephone - SFR;generic
shangrila;Shangri‐La International Hotel Management Limited;generic
sharp;Sharp Corporation;generic
shaw;Shaw Cablesystems G.P.;generic
shell;Shell Information Technology International Inc;generic
shia;Asia Green IT System Bilgisayar San. ve Tic. Ltd. Sti.;generic
shiksha;Afilias plc;generic
shoes;Binky Moon, LLC;generic
shop;GMO Registry, Inc.;generic
shopping;Binky Moon, LLC;generic
shouji;QIHOO 360 TECHNOLOGY CO. LTD.;generic
show;Binky Moon, LLC;generic
showtime;CBS Domains Inc.;generic
shriram;Shriram Capital Ltd.;generic
silk;Amazon Registry Services, Inc.;generic
sina;Sina Corporation;generic
singles;Binky Moon, LLC;generic
site;DotSite Inc.;generic
ski;STARTING DOT LIMITED;generic
skin;L'Oréal;generic
sky;Sky International AG;generic
skype;Microsoft Corporation;generic
sling;Hughes Satellite Systems Corporation;generic
smart;Smart Communications, Inc. (SMART);generic
smile;Amazon Registry Services, Inc.;generic
sncf;SNCF (Société Nationale des Chemins de fer Francais);generic
soccer;Binky Moon, LLC;generic
social;United TLD Holdco Ltd.;generic
softbank;SoftBank Group Corp.;generic
software;United TLD Holdco, Ltd;generic
sohu;Sohu.com Limited;generic
solar;Binky Moon, LLC;generic
solutions;Binky Moon, LLC;generic
song;Amazon Registry Services, Inc.;generic
sony;Sony Corporation;generic
soy;Charleston Road Registry Inc.;generic
space;DotSpace Inc.;generic
spiegel;SPIEGEL-Verlag Rudolf Augstein GmbH & Co. KG;generic
sport;Global Association of International Sports Federations (GAISF);generic
spot;Amazon Registry Services, Inc.;generic
spreadbetting;DOTSPREADBETTING REGISTRY LTD;generic
srl;InterNetX Corp.;generic
srt;FCA US LLC.;generic
stada;STADA Arzneimittel AG;generic
staples;Staples, Inc.;generic
star;Star India Private Limited;generic
starhub;StarHub Limited;generic
statebank;STATE BANK OF INDIA;generic
statefarm;State Farm Mutual Automobile Insurance Company;generic
statoil;Statoil ASA;generic
stc;Saudi Telecom Company;generic
stcgroup;Saudi Telecom Company;generic
stockholm;Stockholms kommun;generic
storage;XYZ.COM LLC;generic
store;DotStore Inc.;generic
stream;dot Stream Limited;generic
studio;United TLD Holdco Ltd.;generic
study;OPEN UNIVERSITIES AUSTRALIA PTY LTD;generic
style;Binky Moon, LLC;generic
sucks;Vox Populi Registry Ltd.;generic
supplies;Binky Moon, LLC;generic
supply;Binky Moon, LLC;generic
support;Binky Moon, LLC;generic
surf;Top Level Domain Holdings Limited;generic
surgery;Binky Moon, LLC;generic
suzuki;SUZUKI MOTOR CORPORATION;generic
swatch;The Swatch Group Ltd;generic
swiftcover;Swiftcover Insurance Services Limited;generic
swiss;Swiss Confederation;generic
sydney;State of New South Wales, Department of Premier and Cabinet;generic
symantec;Symantec Corporation;generic
systems;Binky Moon, LLC;generic
tab;Tabcorp Holdings Limited;generic
taipei;Taipei City Government;generic
talk;Amazon Registry Services, Inc.;generic
taobao;Alibaba Group Holding Limited;generic
target;Target Domain Holdings, LLC;generic
tatamotors;Tata Motors Ltd;generic
tatar;"Limited Liability Company ""Coordination Center of Regional Domain of Tatarstan Republic""";generic
tattoo;Uniregistry, Corp.;generic
tax;Binky Moon, LLC;generic
taxi;Binky Moon, LLC;generic
tci;Asia Green IT System Bilgisayar San. ve Tic. Ltd. Sti.;generic
tdk;TDK Corporation;generic
team;Binky Moon, LLC;generic
tech;Dot Tech LLC;generic
technology;Binky Moon, LLC;generic
telecity;TelecityGroup International Limited;generic
telefonica;Telefónica S.A.;generic
temasek;Temasek Holdings (Private) Limited;generic
tennis;Binky Moon, LLC;generic
teva;Teva Pharmaceutical Industries Limited;generic
thd;Home Depot Product Authority, LLC;generic
theater;Binky Moon, LLC;generic
theatre;XYZ.COM LLC;generic
tiaa;Teachers Insurance and Annuity Association of America;generic
tickets;Accent Media Limited;generic
tienda;Binky Moon, LLC;generic
tiffany;Tiffany and Company;generic
tips;Binky Moon, LLC;generic
tires;Binky Moon, LLC;generic
tirol;punkt Tirol GmbH;generic
tjmaxx;The TJX Companies, Inc.;generic
tjx;The TJX Companies, Inc.;generic
tkmaxx;The TJX Companies, Inc.;generic
tmall;Alibaba Group Holding Limited;generic
today;Binky Moon, LLC;generic
tokyo;GMO Registry, Inc.;generic
tools;Binky Moon, LLC;generic
top;Jiangsu Bangning Science & Technology Co.,Ltd.;generic
toray;Toray Industries, Inc.;generic
toshiba;TOSHIBA Corporation;generic
total;Total SA;generic
tours;Binky Moon, LLC;generic
town;Binky Moon, LLC;generic
toyota;TOYOTA MOTOR CORPORATION;generic
toys;Binky Moon, LLC;generic
trade;Elite Registry Limited;generic
trading;DOTTRADING REGISTRY LTD;generic
training;Binky Moon, LLC;generic
travelchannel;Lifestyle Domain Holdings, Inc.;generic
travelers;Travelers TLD, LLC;generic
travelersinsurance;Travelers TLD, LLC;generic
trust;Artemis Internet Inc;generic
trv;Travelers TLD, LLC;generic
tube;Latin American Telecom LLC;generic
tui;TUI AG;generic
tunes;Amazon Registry Services, Inc.;generic
tushu;Amazon Registry Services, Inc.;generic
tvs;T V SUNDRAM IYENGAR  & SONS PRIVATE LIMITED;generic
ubank;National Australia Bank Limited;generic
ubs;UBS AG;generic
uconnect;FCA US LLC.;generic
unicom;China United Network Communications Corporation Limited;generic
university;Binky Moon, LLC;generic
uno;Dot Latin LLC;generic
uol;UBN INTERNET LTDA.;generic
ups;UPS Market Driver, Inc.;generic
vacations;Binky Moon, LLC;generic
vana;Lifestyle Domain Holdings, Inc.;generic
vanguard;The Vanguard Group, Inc.;generic
vegas;Dot Vegas, Inc.;generic
ventures;Binky Moon, LLC;generic
verisign;VeriSign, Inc.;generic
versicherung;TLD-BOX Registrydienstleistungen GmbH;generic
vet;United TLD Holdco, Ltd;generic
viajes;Binky Moon, LLC;generic
video;United TLD Holdco, Ltd;generic
vig;VIENNA INSURANCE GROUP AG Wiener Versicherung Gruppe;generic
viking;Viking River Cruises (Bermuda) Ltd.;generic
villas;Binky Moon, LLC;generic
vin;Binky Moon, LLC;generic
vip;Minds + Machines Group Limited;generic
virgin;Virgin Enterprises Limited;generic
visa;Visa Worldwide Pte. Limited;generic
vision;Binky Moon, LLC;generic
vista;Vistaprint Limited;generic
vistaprint;Vistaprint Limited;generic
viva;Saudi Telecom Company;generic
vivo;Telefonica Brasil S.A.;generic
vlaanderen;DNS.be vzw;generic
vodka;Top Level Domain Holdings Limited;generic
volkswagen;Volkswagen Group of America Inc.;generic
volvo;Volvo Holding Sverige Aktiebolag;generic
vote;Monolith Registry LLC;generic
voting;Valuetainment Corp.;generic
voto;Monolith Registry LLC;generic
voyage;Binky Moon, LLC;generic
vuelos;Travel Reservations SRL;generic
wales;Nominet UK;generic
walmart;Wal-Mart Stores, Inc.;generic
walter;Sandvik AB;generic
wang;Zodiac Wang Limited;generic
wanggou;Amazon Registry Services, Inc.;generic
warman;Weir Group IP Limited;generic
watch;Binky Moon, LLC;generic
watches;Richemont DNS Inc.;generic
weather;International Business Machines Corporation;generic
weatherchannel;International Business Machines Corporation;generic
webcam;dot Webcam Limited;generic
weber;Saint-Gobain Weber SA;generic
website;DotWebsite Inc.;generic
wed;Emergency Back-End Registry Operator Program - ICANN;generic
wedding;Top Level Domain Holdings Limited;generic
weibo;Sina Corporation;generic
weir;Weir Group IP Limited;generic
whoswho;Who's Who Registry;generic
wien;punkt.wien GmbH;generic
wiki;Top Level Design, LLC;generic
williamhill;William Hill Organization Limited;generic
win;First Registry Limited;generic
windows;Microsoft Corporation;generic
wine;Binky Moon, LLC;generic
winners;The TJX Companies, Inc.;generic
wme;William Morris Endeavor Entertainment, LLC;generic
wolterskluwer;Wolters Kluwer N.V.;generic
woodside;Woodside Petroleum Limited;generic
work;Top Level Domain Holdings Limited;generic
works;Binky Moon, LLC;generic
world;Binky Moon, LLC;generic
wow;Amazon Registry Services, Inc.;generic
wtc;World Trade Centers Association, Inc.;generic
wtf;Binky Moon, LLC;generic
xbox;Microsoft Corporation;generic
xerox;Xerox DNHC LLC;generic
xfinity;Comcast IP Holdings I, LLC;generic
xihuan;QIHOO 360 TECHNOLOGY CO. LTD.;generic
xin;Elegant Leader Limited;generic
कॉम;VeriSign Sarl;generic
セール;Amazon Registry Services, Inc.;generic
佛山;Guangzhou YU Wei Information Technology Co., Ltd.;generic
慈善;Excellent First Limited;generic
集团;Eagle Horizon Limited;generic
在线;TLD REGISTRY LIMITED;generic
大众汽车;Volkswagen (China) Investment Co., Ltd.;generic
点看;VeriSign Sarl;generic
คอม;VeriSign Sarl;generic
八卦;Zodiac Gemini Ltd;generic
موقع;Suhub Electronic Establishment;generic
公益;China Organizational Name Administration Center;generic
公司;Computer Network Information Center of Chinese Academy of Sciences （China Internet Network Information Center）;generic
香格里拉;Shangri‐La International Hotel Management Limited;generic
网站;Global Website TLD Asia Limited;generic
移动;Afilias plc;generic
我爱你;Tycoon Treasure Limited;generic
москва;Foundation for Assistance for Internet Technologies and Infrastructure Development (FAITID);generic
католик;Pontificium Consilium de Comunicationibus Socialibus (PCCS) (Pontifical Council for Social Communication);generic
онлайн;CORE Association;generic
сайт;CORE Association;generic
联通;China United Network Communications Corporation Limited;generic
קום;VeriSign Sarl;generic
时尚;RISE VICTORY LIMITED;generic
微博;Sina Corporation;generic
淡马锡;Temasek Holdings (Private) Limited;generic
ファッション;Amazon Registry Services, Inc.;generic
орг;Public Interest Registry;generic
नेट;VeriSign Sarl;generic
ストア;Amazon Registry Services, Inc.;generic
삼성;SAMSUNG SDS CO., LTD;generic
商标;HU YI GLOBAL INFORMATION RESOURCES(HOLDING) COMPANY.HONGKONG LIMITED;generic
商店;Binky Moon, LLC;generic
商城;Zodiac Aquarius Limited;generic
дети;The Foundation for Network Initiatives “The Smart Internet”;generic
ポイント;Amazon Registry Services, Inc.;generic
新闻;Guangzhou YU Wei Information and Technology Co.,Ltd;generic
工行;Industrial and Commercial Bank of China Limited;generic
家電;Amazon Registry Services, Inc.;generic
كوم;VeriSign Sarl;generic
中文网;TLD REGISTRY LIMITED;generic
中信;CITIC Group Corporation;generic
娱乐;Binky Moon, LLC;generic
谷歌;Charleston Road Registry Inc.;generic
電訊盈科;PCCW Enterprises Limited;generic
购物;Minds + Machines Group Limited;generic
クラウド;Amazon Registry Services, Inc.;generic
通販;Amazon Registry Services, Inc.;generic
网店;Zodiac Taurus Ltd.;generic
संगठन;Public Interest Registry;generic
餐厅;HU YI GLOBAL INFORMATION RESOURCES (HOLDING) COMPANY. HONGKONG LIMITED;generic
网络;Computer Network Information Center of Chinese Academy of Sciences （China Internet Network Information Center）;generic
ком;VeriSign Sarl;generic
诺基亚;Nokia Corporation;generic
食品;Amazon Registry Services, Inc.;generic
飞利浦;Koninklijke Philips N.V.;generic
手表;Richemont DNS Inc.;generic
手机;Beijing RITT-Net Technology Development Co., Ltd;generic
ارامكو;Aramco Services Company;generic
العليان;Crescent Holding GmbH;generic
اتصالات;Emirates Telecommunications Corporation (trading as Etisalat);generic
بازار;CORE Association;generic
موبايلي;GreenTech Consultancy Company W.L.L.;generic
ابوظبي;Abu Dhabi Systems and Information Centre;generic
كاثوليك;Pontificium Consilium de Comunicationibus Socialibus (PCCS) (Pontifical Council for Social Communication);generic
همراه;Asia Green IT System Bilgisayar San. ve Tic. Ltd. Sti.;generic
닷컴;VeriSign Sarl;generic
政府;Net-Chinese Co., Ltd.;generic
شبكة;International Domain Registry Pty. Ltd.;generic
بيتك;Kuwait Finance House;generic
عرب;League of Arab States;generic
机构;Public Interest Registry;generic
组织机构;Public Interest Registry;generic
健康;Stable Tone Limited;generic
招聘;Dot Trademark TLD Holding Company Limited;generic
рус;Rusnames Limited;generic
珠宝;Richemont DNS Inc.;generic
大拿;VeriSign Sarl;generic
みんな;Charleston Road Registry Inc.;generic
グーグル;Charleston Road Registry Inc.;generic
世界;Stable Tone Limited;generic
書籍;Amazon Registry Services, Inc.;generic
网址;KNET Co., Ltd;generic
닷넷;VeriSign Sarl;generic
コム;VeriSign Sarl;generic
天主教;Pontificium Consilium de Comunicationibus Socialibus (PCCS) (Pontifical Council for Social Communication);generic
游戏;Binky Moon, LLC;generic
vermögensberater;Deutsche Vermögensberatung Aktiengesellschaft DVAG;generic
vermögensberatung;Deutsche Vermögensberatung Aktiengesellschaft DVAG;generic
企业;Binky Moon, LLC;generic
信息;Beijing Tele-info Network Technology Co., Ltd.;generic
嘉里大酒店;Kerry Trading Co. Limited;generic
嘉里;Kerry Trading Co. Limited;generic
广东;Guangzhou YU Wei Information Technology Co., Ltd.;generic
政务;China Organizational Name Administration Center;generic
xperia;Sony Mobile Communications AB;generic
xyz;XYZ.COM LLC;generic
yachts;DERYachts, LLC;generic
yahoo;Yahoo! Domain Services Inc.;generic
yamaxun;Amazon Registry Services, Inc.;generic
yandex;YANDEX, LLC;generic
yodobashi;YODOBASHI CAMERA CO.,LTD.;generic
yoga;Top Level Domain Holdings Limited;generic
yokohama;GMO Registry, Inc.;generic
you;Amazon Registry Services, Inc.;generic
youtube;Charleston Road Registry Inc.;generic
yun;QIHOO 360 TECHNOLOGY CO. LTD.;generic
zappos;Amazon Registry Services, Inc.;generic
zara;Industria de Diseño Textil, S.A. (INDITEX, S.A.);generic
zero;Amazon Registry Services, Inc.;generic
zip;Charleston Road Registry Inc.;generic
zippo;Zadco Company;generic
zone;Binky Moon, LLC;generic
zuerich;Kanton Zürich (Canton of Zurich);generic